Target_Date,Y_DGS10,Y_DGS1MO,Y_DGS1,Y_DGS20,Y_DGS2,Y_DGS30,Y_DGS3MO,Y_DGS3,Y_DGS5,Y_DGS6MO,Y_DGS7
2018-12-07,0.30382558703422546,0.30200570821762085,0.20262150466442108,0.24576343595981598,0.2716344892978668,0.36404311656951904,0.27241742610931396,0.25696057081222534,0.3540149927139282,0.24085359275341034,0.22360198199748993
2018-12-14,0.39473262429237366,0.19872868061065674,0.18115077912807465,0.26344767212867737,0.31139588356018066,0.27342426776885986,0.23594650626182556,0.34869515895843506,0.3468294143676758,0.179970383644104,0.35996922850608826
2018-12-21,0.43895775079727173,0.23843245208263397,0.2053312212228775,0.35424867272377014,0.3496660888195038,0.3342571258544922,0.251167356967926,0.33528971672058105,0.36918288469314575,0.221377894282341,0.2909334599971771
2018-12-28,0.32270193099975586,0.3248656988143921,0.27220994234085083,0.3845551609992981,0.31321823596954346,0.34502971172332764,0.21681253612041473,0.2077474296092987,0.3323215842247009,0.1510508805513382,0.283486545085907
2019-01-04,0.41622793674468994,0.25268298387527466,0.31462782621383667,0.2738701403141022,0.2878953516483307,0.38282135128974915,0.31122177839279175,0.3301965892314911,0.3616473972797394,0.27997392416000366,0.40337225794792175
2019-01-11,0.3858058452606201,0.21996554732322693,0.26200881600379944,0.4615686535835266,0.3665756285190582,0.4039231836795807,0.31005096435546875,0.42479702830314636,0.4120631515979767,0.28839150071144104,0.31699031591415405
2019-01-18,0.3274816572666168,0.263112872838974,0.2734432518482208,0.4078338146209717,0.3306427597999573,0.4477289617061615,0.22707897424697876,0.30157655477523804,0.40335842967033386,0.23878884315490723,0.3447154462337494
2019-01-25,0.35425612330436707,0.3187432289123535,0.2732987403869629,0.4653847813606262,0.32779937982559204,0.4834345877170563,0.2507791221141815,0.3167780935764313,0.39781731367111206,0.3287936747074127,0.4834033250808716
2019-02-01,0.2904609143733978,0.3297187387943268,0.1987694650888443,0.3709375262260437,0.3220002055168152,0.3873940110206604,0.19413860142230988,0.404847115278244,0.3554447293281555,0.2023143768310547,0.37275639176368713
2019-02-08,0.3100002408027649,0.21477842330932617,0.23445509374141693,0.4192173480987549,0.24298499524593353,0.39870089292526245,0.27221569418907166,0.37519580125808716,0.40452706813812256,0.25491321086883545,0.383689284324646
2019-02-15,0.4607914984226227,0.2906798720359802,0.2831098139286041,0.352159708738327,0.31304192543029785,0.42085719108581543,0.2740131914615631,0.41779255867004395,0.33816298842430115,0.17569302022457123,0.3383257985115051
2019-02-22,0.32754749059677124,0.2406415343284607,0.21081730723381042,0.3771170675754547,0.2461564987897873,0.34237852692604065,0.29621362686157227,0.34215256571769714,0.3379215598106384,0.23214679956436157,0.45156872272491455
2019-03-01,0.24719533324241638,0.22190293669700623,0.2601688504219055,0.35650089383125305,0.23727209866046906,0.3149198293685913,0.1357513666152954,0.3053096532821655,0.36185020208358765,0.20245511829853058,0.3823884427547455
2019-03-08,0.3251199722290039,0.21789294481277466,0.27669817209243774,0.33566251397132874,0.40874651074409485,0.40353360772132874,0.3304876983165741,0.266561359167099,0.40780362486839294,0.2114039808511734,0.3536706566810608
2019-03-15,0.3492985665798187,0.22800220549106598,0.24813351035118103,0.3395497500896454,0.19197064638137817,0.3960113525390625,0.20282341539859772,0.2958681285381317,0.35593119263648987,0.1675654947757721,0.4021514356136322
2019-03-22,0.3180902600288391,0.18400824069976807,0.23934616148471832,0.33454063534736633,0.31939271092414856,0.37036606669425964,0.21159814298152924,0.24845047295093536,0.38528406620025635,0.1729651838541031,0.45990437269210815
2019-03-29,0.2654838562011719,0.2557466924190521,0.22165098786354065,0.42524731159210205,0.2854840159416199,0.36259961128234863,0.22045139968395233,0.2646072208881378,0.38809943199157715,0.18641649186611176,0.31493332982063293
2019-04-05,0.36702531576156616,0.17131343483924866,0.21494363248348236,0.40869975090026855,0.33178237080574036,0.37525030970573425,0.20358754694461823,0.3677517771720886,0.25325772166252136,0.29768264293670654,0.3729788064956665
2019-04-12,0.34759849309921265,0.20886464416980743,0.1653916835784912,0.28063133358955383,0.2215770184993744,0.4494035542011261,0.265460729598999,0.2038530558347702,0.35124319791793823,0.23423847556114197,0.424376517534256
2019-04-19,0.2854956090450287,0.29365992546081543,0.3013683557510376,0.42461147904396057,0.2685728073120117,0.46232450008392334,0.16858552396297455,0.3118191063404083,0.4290141761302948,0.23901709914207458,0.32850566506385803
2019-04-26,0.31582269072532654,0.24949008226394653,0.3963961601257324,0.37227663397789,0.3878544569015503,0.42101770639419556,0.3136586844921112,0.48583704233169556,0.40365755558013916,0.3824002742767334,0.36407700181007385
2019-05-03,0.3968028426170349,0.29814082384109497,0.28984880447387695,0.29929450154304504,0.35381558537483215,0.3989291191101074,0.31680744886398315,0.42037370800971985,0.46209031343460083,0.36162325739860535,0.4088120758533478
2019-05-10,0.38756486773490906,0.21216781437397003,0.31624066829681396,0.4586384892463684,0.2741188704967499,0.39878809452056885,0.31155872344970703,0.465869277715683,0.38014158606529236,0.3034501075744629,0.4098122715950012
2019-05-17,0.44217005372047424,0.2846241295337677,0.2800038754940033,0.38057783246040344,0.31086865067481995,0.42548897862434387,0.24225221574306488,0.4414743483066559,0.43657997250556946,0.28643590211868286,0.36084020137786865
2019-05-24,0.38382014632225037,0.1993364542722702,0.25470614433288574,0.40771952271461487,0.3076375722885132,0.4233473241329193,0.34887897968292236,0.29925066232681274,0.47562840580940247,0.22300082445144653,0.42167025804519653
2019-05-31,0.44567760825157166,0.24958637356758118,0.28465548157691956,0.4253289997577667,0.329331636428833,0.3522419333457947,0.16297975182533264,0.41291549801826477,0.3373969495296478,0.3321845233440399,0.35635218024253845
2019-06-07,0.34446293115615845,0.3129815459251404,0.2570246756076813,0.40173375606536865,0.3206654489040375,0.31768348813056946,0.30814430117607117,0.3980226218700409,0.47568392753601074,0.16504783928394318,0.29458534717559814
2019-06-14,0.4426651895046234,0.1595025509595871,0.3585626482963562,0.4866271913051605,0.28962668776512146,0.4800514876842499,0.25128138065338135,0.301268994808197,0.3261774182319641,0.3021460771560669,0.3869125545024872
2019-06-21,0.40969914197921753,0.3256584405899048,0.3202609419822693,0.43277016282081604,0.3547880947589874,0.33503296971321106,0.2998344898223877,0.2541021704673767,0.40636423230171204,0.31959596276283264,0.35432788729667664
2019-06-28,0.34645217657089233,0.2304440140724182,0.2142823338508606,0.3785625994205475,0.3816015124320984,0.39971867203712463,0.3712613880634308,0.3860131502151489,0.3601589500904083,0.2337794303894043,0.41648176312446594
2019-07-05,0.4133034348487854,0.2531439960002899,0.29169702529907227,0.37459689378738403,0.2576354742050171,0.3145879805088043,0.34607890248298645,0.3311147689819336,0.4310501217842102,0.20354770123958588,0.2942168414592743
2019-07-12,0.4075402021408081,0.3223112225532532,0.3171777129173279,0.40749391913414,0.32282719016075134,0.4629102647304535,0.31533312797546387,0.514075517654419,0.35417604446411133,0.30288517475128174,0.43972474336624146
2019-07-19,0.3575299382209778,0.28789082169532776,0.27493834495544434,0.2965574562549591,0.23370127379894257,0.40297484397888184,0.2830164134502411,0.36638209223747253,0.3954734802246094,0.39203986525535583,0.3907760679721832
2019-07-26,0.395513117313385,0.22752627730369568,0.2778303027153015,0.29247692227363586,0.39295199513435364,0.43488049507141113,0.2540447413921356,0.39091727137565613,0.3843030631542206,0.23125167191028595,0.3717381954193115
2019-08-02,0.4077276289463043,0.2498626857995987,0.3558409512042999,0.32384443283081055,0.22942274808883667,0.32440704107284546,0.2951582074165344,0.36310017108917236,0.41462454199790955,0.23805825412273407,0.4212089478969574
2019-08-09,0.32836100459098816,0.21693478524684906,0.27919501066207886,0.3136545717716217,0.3400978744029999,0.3516845107078552,0.2603190541267395,0.3918796479701996,0.44037768244743347,0.3114010691642761,0.3706471621990204
2019-08-16,0.3505648970603943,0.2870839238166809,0.2725857198238373,0.3687859773635864,0.27412736415863037,0.41679418087005615,0.3106209933757782,0.2965221405029297,0.33424806594848633,0.2739175260066986,0.37155982851982117
2019-08-23,0.38140860199928284,0.3280080556869507,0.2860504388809204,0.44811946153640747,0.2940966784954071,0.29774928092956543,0.22833968698978424,0.2702005207538605,0.3572717010974884,0.19324249029159546,0.32480332255363464
2019-08-30,0.40376824140548706,0.24588412046432495,0.22210821509361267,0.4257434010505676,0.40046584606170654,0.4036378264427185,0.23058822751045227,0.24643413722515106,0.37005001306533813,0.2212236523628235,0.3936484754085541
2019-09-06,0.3805557191371918,0.26254284381866455,0.3217475414276123,0.3114696443080902,0.25799867510795593,0.3331395983695984,0.2658321261405945,0.2813410758972168,0.3577389419078827,0.33808988332748413,0.3594827353954315
2019-09-13,0.41769903898239136,0.27071887254714966,0.2941438853740692,0.3321382403373718,0.32816240191459656,0.4185107350349426,0.23219870030879974,0.287443071603775,0.4533907175064087,0.33798953890800476,0.3156419098377228
2019-09-20,0.4076102375984192,0.23431897163391113,0.29435646533966064,0.3511228561401367,0.28871944546699524,0.3648355305194855,0.24651797115802765,0.2828410863876343,0.3592715859413147,0.38193151354789734,0.4231158196926117
2019-09-27,0.4159362316131592,0.3366178274154663,0.20436984300613403,0.38219109177589417,0.3465409576892853,0.44155487418174744,0.19867387413978577,0.42326369881629944,0.4030968248844147,0.33739328384399414,0.41146785020828247
2019-10-04,0.3986186683177948,0.3077024519443512,0.285552054643631,0.32991185784339905,0.4754323363304138,0.4386490285396576,0.23959819972515106,0.40046432614326477,0.42886337637901306,0.24304278194904327,0.40167900919914246
2019-10-11,0.4766685664653778,0.3376431167125702,0.36677342653274536,0.4727557301521301,0.34504684805870056,0.43851593136787415,0.3430161476135254,0.42091572284698486,0.46305862069129944,0.3966338634490967,0.4259888827800751
2019-10-18,0.45246729254722595,0.4069254994392395,0.36110392212867737,0.4488155245780945,0.3900831937789917,0.4173261225223541,0.30937618017196655,0.38277649879455566,0.39943960309028625,0.37928590178489685,0.4372992217540741
2019-10-25,0.4009162485599518,0.402498334646225,0.3319738507270813,0.4363804757595062,0.3493276834487915,0.43918952345848083,0.33658120036125183,0.3602353036403656,0.4536890387535095,0.3242902159690857,0.43778571486473083
2019-11-01,0.398299902677536,0.39005815982818604,0.3523921072483063,0.3869936764240265,0.4388252794742584,0.41881152987480164,0.3413534164428711,0.43007805943489075,0.4247609078884125,0.3969759941101074,0.37566912174224854
2019-11-08,0.4487594664096832,0.3961474597454071,0.40103888511657715,0.4702562689781189,0.4251430332660675,0.46371176838874817,0.3998981714248657,0.45403313636779785,0.4674411416053772,0.40462493896484375,0.4999812841415405
2019-11-15,0.43250617384910583,0.377075731754303,0.4062526226043701,0.4363894462585449,0.39441168308258057,0.4733547866344452,0.36066675186157227,0.4300568997859955,0.4285852909088135,0.40322914719581604,0.4384337365627289
2019-11-22,0.4528404772281647,0.37674418091773987,0.4604719281196594,0.4989456832408905,0.4016118347644806,0.44676852226257324,0.33843350410461426,0.4124046862125397,0.41681089997291565,0.3853089511394501,0.4417245090007782
2019-11-29,0.4722096621990204,0.3956601023674011,0.3976799249649048,0.4348194897174835,0.4238390028476715,0.41600245237350464,0.37199029326438904,0.39586666226387024,0.44516366720199585,0.33084049820899963,0.4563582241535187
2019-12-06,0.47887173295021057,0.45664724707603455,0.4836287200450897,0.48015525937080383,0.45515176653862,0.49661171436309814,0.4540407061576843,0.43774276971817017,0.49160152673721313,0.4209361672401428,0.4878475069999695
2019-12-13,0.4492616355419159,0.4427710771560669,0.4682781398296356,0.4753991365432739,0.4584115147590637,0.49530574679374695,0.44217821955680847,0.48699501156806946,0.49001774191856384,0.43035611510276794,0.49016040563583374
2019-12-20,0.4549555480480194,0.46405792236328125,0.4413038492202759,0.4887574017047882,0.4564915895462036,0.4497591555118561,0.4363265335559845,0.4559081494808197,0.48303890228271484,0.47892752289772034,0.4849904477596283
2019-12-27,0.48055410385131836,0.42785683274269104,0.4199327230453491,0.46349966526031494,0.4445868730545044,0.4803064465522766,0.4222036302089691,0.4509229362010956,0.44108957052230835,0.43786051869392395,0.4648127555847168
2020-01-03,0.4580039083957672,0.29415613412857056,0.3256162106990814,0.4482162296772003,0.4049273729324341,0.4408622980117798,0.2946837842464447,0.40577635169029236,0.44802582263946533,0.2902553379535675,0.43528008460998535
2020-01-10,0.4427267611026764,0.2999899089336395,0.3258276879787445,0.4343445897102356,0.39305824041366577,0.4523480236530304,0.2883739769458771,0.41393300890922546,0.4640023112297058,0.29818928241729736,0.4603337347507477
2020-01-17,0.45101842284202576,0.3017200231552124,0.3235551416873932,0.4462766647338867,0.38587531447410583,0.4545949101448059,0.2814665138721466,0.42757755517959595,0.4378913342952728,0.2708513140678406,0.4779621660709381
2020-01-24,0.46690788865089417,0.3231274485588074,0.3211086392402649,0.446685254573822,0.4078216850757599,0.44609493017196655,0.2832563817501068,0.40914782881736755,0.4646126329898834,0.31688159704208374,0.4576919972896576
2020-01-31,0.4224434792995453,0.40592801570892334,0.3832968771457672,0.43301472067832947,0.4322434365749359,0.39883849024772644,0.33198729157447815,0.3965470492839813,0.4132557809352875,0.4444149136543274,0.412908136844635
2020-02-07,0.4475918114185333,0.4195791482925415,0.4065282642841339,0.43222883343696594,0.4446859359741211,0.440504252910614,0.37626081705093384,0.3974709212779999,0.4174235165119171,0.38664165139198303,0.5246782302856445
2020-02-14,0.42150869965553284,0.385385662317276,0.429933100938797,0.44475865364074707,0.4506748914718628,0.46084314584732056,0.3878454267978668,0.46552759408950806,0.4460141956806183,0.3995751440525055,0.4547863006591797
2020-02-21,0.4369102120399475,0.3632930815219879,0.39907872676849365,0.41922011971473694,0.39385971426963806,0.4189699590206146,0.41838276386260986,0.43450331687927246,0.4664723575115204,0.37003788352012634,0.41507765650749207
2020-02-28,0.48147422075271606,0.4573620855808258,0.44937753677368164,0.4757007658481598,0.4511021375656128,0.48562756180763245,0.4399511218070984,0.4529375433921814,0.46038803458213806,0.42548954486846924,0.4865303337574005
2020-03-06,0.47711583971977234,0.44066789746284485,0.44867148995399475,0.46775656938552856,0.45466700196266174,0.47908031940460205,0.4466972053050995,0.49294495582580566,0.4823853671550751,0.43186554312705994,0.4797212779521942
2020-03-13,0.4887530207633972,0.43095123767852783,0.4399605393409729,0.4577571749687195,0.45806506276130676,0.4676172435283661,0.4368787109851837,0.454585999250412,0.4621744751930237,0.42933639883995056,0.47593793272972107
2020-03-20,0.470852792263031,0.4294966459274292,0.44593384861946106,0.4858167767524719,0.4669022262096405,0.46993696689605713,0.43164047598838806,0.4584808647632599,0.4705445170402527,0.4459161162376404,0.47799116373062134
2020-03-27,0.47813788056373596,0.4228054881095886,0.42533811926841736,0.4853364825248718,0.4388667047023773,0.4643654227256775,0.4155832529067993,0.47264406085014343,0.47229716181755066,0.4268374741077423,0.47926074266433716
2020-04-03,0.48845231533050537,0.4119139611721039,0.4265301525592804,0.461816668510437,0.44637197256088257,0.4966365694999695,0.4367651641368866,0.4538467228412628,0.47244933247566223,0.42413070797920227,0.45830053091049194
2020-04-10,0.4690847098827362,0.4447402060031891,0.44766804575920105,0.470300555229187,0.4546470046043396,0.47372379899024963,0.3908754587173462,0.47341033816337585,0.47434717416763306,0.40775609016418457,0.4687781035900116
2020-04-17,0.4795508086681366,0.4171507656574249,0.4308454692363739,0.47431907057762146,0.4440165162086487,0.4626634418964386,0.4316798448562622,0.45024290680885315,0.46154549717903137,0.4196220934391022,0.4761742651462555
2020-04-24,0.47397518157958984,0.45444995164871216,0.4656654894351959,0.47289571166038513,0.4324984848499298,0.4479564428329468,0.4353814721107483,0.45555394887924194,0.4855118691921234,0.4211326241493225,0.4697006344795227
2020-05-01,0.47510814666748047,0.4536118805408478,0.4656963646411896,0.48168107867240906,0.4334782063961029,0.4517979621887207,0.4012956917285919,0.44768908619880676,0.4727913439273834,0.43269604444503784,0.4665050506591797
2020-05-08,0.48061907291412354,0.45352932810783386,0.4467083811759949,0.4509356617927551,0.4499129056930542,0.4717618525028229,0.42374733090400696,0.45855334401130676,0.48315495252609253,0.409529447555542,0.4746946394443512
2020-05-15,0.47458282113075256,0.4507649540901184,0.4367567002773285,0.45218393206596375,0.4532754719257355,0.4935572147369385,0.4404173791408539,0.4857587218284607,0.4773840606212616,0.4090380072593689,0.45101332664489746
2020-05-22,0.46243685483932495,0.4452000558376312,0.42811086773872375,0.46799781918525696,0.4349026381969452,0.4857986569404602,0.43721985816955566,0.4716441333293915,0.4911596477031708,0.44400811195373535,0.4531722962856293
2020-05-29,0.5014353394508362,0.43790915608406067,0.45531702041625977,0.4708539545536041,0.443093866109848,0.4791003465652466,0.45068198442459106,0.46139830350875854,0.46562620997428894,0.4145522713661194,0.46697068214416504
2020-06-05,0.4776405394077301,0.4452754259109497,0.437666654586792,0.47558701038360596,0.45987987518310547,0.45682504773139954,0.45517462491989136,0.47131529450416565,0.47656187415122986,0.445674866437912,0.4697038233280182
2020-06-12,0.48822978138923645,0.44541653990745544,0.41696786880493164,0.48719531297683716,0.46346843242645264,0.4533371031284332,0.43046799302101135,0.46294838190078735,0.4565510153770447,0.42902934551239014,0.4743400514125824
2020-06-19,0.4558921456336975,0.37189462780952454,0.3932666778564453,0.48173877596855164,0.4448935389518738,0.486395925283432,0.3691883683204651,0.4461790919303894,0.4804682731628418,0.37449556589126587,0.44633588194847107
2020-06-26,0.47379162907600403,0.3850400447845459,0.39484724402427673,0.48771628737449646,0.4105268120765686,0.4791843593120575,0.3683750331401825,0.43625229597091675,0.48313766717910767,0.36423370242118835,0.4639818072319031
2020-07-03,0.4598124027252197,0.3852443993091583,0.364952027797699,0.46035099029541016,0.439267098903656,0.471595823764801,0.37259382009506226,0.4556255638599396,0.4644094705581665,0.3643559515476227,0.42603665590286255
2020-07-10,0.4764476418495178,0.3944820165634155,0.3923998475074768,0.47325801849365234,0.44545358419418335,0.46752142906188965,0.38176506757736206,0.4722941517829895,0.4760114550590515,0.376661092042923,0.4539819657802582
2020-07-17,0.4689403772354126,0.4527775049209595,0.4791199266910553,0.4737841486930847,0.4905422627925873,0.4791770279407501,0.45729416608810425,0.47258260846138,0.49086880683898926,0.4324549436569214,0.4393540620803833
2020-07-24,0.48755455017089844,0.481961190700531,0.44613534212112427,0.4818057417869568,0.4819948077201843,0.47169730067253113,0.45934730768203735,0.496977835893631,0.45362237095832825,0.473635196685791,0.4685452878475189
2020-07-31,0.4948410093784332,0.47318705916404724,0.4586266577243805,0.45496073365211487,0.4592216908931732,0.47002148628234863,0.4540466070175171,0.45538514852523804,0.4981204867362976,0.4785847067832947,0.4886705279350281
2020-08-07,0.48541736602783203,0.4532896876335144,0.4476628303527832,0.49934282898902893,0.47218573093414307,0.4670685827732086,0.4714454412460327,0.49176546931266785,0.4750628173351288,0.4830055236816406,0.4644010365009308
2020-08-14,0.4310340881347656,0.31491148471832275,0.337380051612854,0.45360246300697327,0.39610713720321655,0.4556198716163635,0.314409077167511,0.41628748178482056,0.43980756402015686,0.2925698161125183,0.4290684461593628
2020-08-21,0.4407845139503479,0.32902514934539795,0.3516814708709717,0.4339664578437805,0.4264132082462311,0.4715316891670227,0.28921449184417725,0.4325035512447357,0.454623818397522,0.31309258937835693,0.46014243364334106
2020-08-28,0.4713360071182251,0.31673625111579895,0.3561553657054901,0.46218886971473694,0.3866897523403168,0.4578051269054413,0.32302412390708923,0.4352685213088989,0.45644548535346985,0.3068709969520569,0.43295177817344666
2020-09-04,0.47847846150398254,0.3316487967967987,0.3464369773864746,0.449780136346817,0.4181448519229889,0.4529893100261688,0.3053252398967743,0.40886184573173523,0.468401700258255,0.32898980379104614,0.46989795565605164
2020-09-11,0.3838762044906616,0.18168853223323822,0.21626541018486023,0.40701615810394287,0.31488552689552307,0.37188202142715454,0.16848288476467133,0.3631828725337982,0.422708660364151,0.175705224275589,0.41993191838264465
2020-09-18,0.4439656138420105,0.1910044550895691,0.2256138026714325,0.4308440685272217,0.32299792766571045,0.4302845299243927,0.20210996270179749,0.383188933134079,0.41832494735717773,0.18787653744220734,0.4206649959087372
2020-09-25,0.4078591465950012,0.19467154145240784,0.21540293097496033,0.4260428547859192,0.3064897656440735,0.4200502336025238,0.17380957305431366,0.39762941002845764,0.4293179214000702,0.16893944144248962,0.4226771593093872
2020-10-02,0.40832051634788513,0.19708678126335144,0.21241742372512817,0.42953988909721375,0.32388150691986084,0.41697341203689575,0.16898788511753082,0.3565414249897003,0.4431022107601166,0.1672830879688263,0.4171052873134613
2020-10-09,0.3713386356830597,0.33512356877326965,0.27970442175865173,0.3638915419578552,0.37470653653144836,0.34761524200439453,0.2647392153739929,0.3336726427078247,0.39949747920036316,0.3077528476715088,0.4351433515548706
2020-10-16,0.40287652611732483,0.24843750894069672,0.2544327974319458,0.4077593982219696,0.3326343595981598,0.35851478576660156,0.34562990069389343,0.42566153407096863,0.34754371643066406,0.34864670038223267,0.3619970977306366
2020-10-23,0.4138888716697693,0.3420085608959198,0.3345818519592285,0.35942965745925903,0.2687787413597107,0.4186541438102722,0.26485881209373474,0.3320937752723694,0.4141524136066437,0.2519949674606323,0.3185984194278717
2020-10-30,0.3882627487182617,0.32015490531921387,0.3319268822669983,0.41667234897613525,0.29117894172668457,0.34629496932029724,0.2319888174533844,0.30518245697021484,0.33049073815345764,0.25961294770240784,0.3025926351547241
2020-11-06,0.38702210783958435,0.09243535250425339,0.13919135928153992,0.38501137495040894,0.26584094762802124,0.4159243106842041,0.0748031809926033,0.32631829380989075,0.38047048449516296,0.09532073885202408,0.3706290125846863
2020-11-13,0.3517475128173828,0.09573236107826233,0.12939295172691345,0.35648584365844727,0.2611667811870575,0.36985039710998535,0.06554415076971054,0.2927520275115967,0.371432900428772,0.07567756623029709,0.36874282360076904
2020-11-20,0.3573557138442993,0.0962027758359909,0.1290867179632187,0.37145426869392395,0.244178906083107,0.36637556552886963,0.07042128592729568,0.2944165766239166,0.3565704822540283,0.08610817790031433,0.36441338062286377
2020-11-27,0.3553371727466583,0.11203183978796005,0.1274581402540207,0.38418713212013245,0.2741527557373047,0.357210636138916,0.0855884999036789,0.3081722557544708,0.37540403008461,0.08274611830711365,0.3414391875267029
2020-12-04,0.3696671426296234,0.11795329302549362,0.16583389043807983,0.37395361065864563,0.2640061378479004,0.3759754002094269,0.09392993897199631,0.31613728404045105,0.35513731837272644,0.09855960309505463,0.35617077350616455
2020-12-11,0.3760559558868408,0.11917410790920258,0.1408860832452774,0.37654900550842285,0.2719518840312958,0.39295852184295654,0.09460479766130447,0.3391122817993164,0.3875642418861389,0.09733591973781586,0.38310787081718445
2020-12-18,0.31252533197402954,0.09968991577625275,0.13003379106521606,0.34242281317710876,0.2534250020980835,0.3473868668079376,0.08008550107479095,0.2937608063220978,0.3469195067882538,0.09515950828790665,0.33501458168029785
2020-12-25,0.3844377398490906,0.1136646717786789,0.13935586810112,0.38802433013916016,0.2641960680484772,0.3693540692329407,0.08930555731058121,0.341064989566803,0.3791198432445526,0.09305834770202637,0.3789156675338745
2021-01-01,0.4446284770965576,0.20522074401378632,0.21164891123771667,0.4303635358810425,0.33232390880584717,0.43358853459358215,0.1529351770877838,0.3503732979297638,0.4164421260356903,0.17677879333496094,0.4084501266479492
2021-01-08,0.4176537096500397,0.20729705691337585,0.22213344275951385,0.43864452838897705,0.33961349725723267,0.41301894187927246,0.1750839352607727,0.3915501534938812,0.3951009511947632,0.175327867269516,0.410844087600708
2021-01-15,0.4254245460033417,0.2036735564470291,0.22886289656162262,0.437065452337265,0.35864901542663574,0.445854127407074,0.17410752177238464,0.3809031844139099,0.408664733171463,0.18098169565200806,0.42257997393608093
2021-01-22,0.39974942803382874,0.19476930797100067,0.22352559864521027,0.39035531878471375,0.30560165643692017,0.4115944504737854,0.19116102159023285,0.34567248821258545,0.42150387167930603,0.15919293463230133,0.38575121760368347
2021-01-29,0.357422411441803,0.0721762478351593,0.1064433753490448,0.3470745384693146,0.24030284583568573,0.3551097810268402,0.06691526621580124,0.27456679940223694,0.36228662729263306,0.08042000234127045,0.3375684320926666
2021-02-05,0.36164844036102295,0.08824128657579422,0.1118045449256897,0.360282838344574,0.2443438023328781,0.362732470035553,0.06610552221536636,0.28893396258354187,0.34924331307411194,0.07508902996778488,0.3399641215801239
2021-02-12,0.34966713190078735,0.07271493971347809,0.10880343616008759,0.3374033570289612,0.2565787732601166,0.38132086396217346,0.06193213909864426,0.3037661015987396,0.3657843768596649,0.06916280835866928,0.36799997091293335
2021-02-19,0.3835912346839905,0.07747533917427063,0.12957702577114105,0.379690945148468,0.25645318627357483,0.3861088454723358,0.06174878403544426,0.34609514474868774,0.3888140916824341,0.0666956827044487,0.4013189673423767
2021-02-26,0.375791996717453,0.16318552196025848,0.17886342108249664,0.38974422216415405,0.2869855463504791,0.3676469326019287,0.15576113760471344,0.3446577787399292,0.4019466042518616,0.14529559016227722,0.3857465982437134
2021-03-05,0.383967787027359,0.15013031661510468,0.18426547944545746,0.37936341762542725,0.3037490248680115,0.40251511335372925,0.11570621281862259,0.34555768966674805,0.3917042315006256,0.12834790349006653,0.39359956979751587
2021-03-12,0.40471068024635315,0.14682982861995697,0.17135509848594666,0.41840121150016785,0.30153101682662964,0.3916442096233368,0.11377105861902237,0.3487202525138855,0.3986507058143616,0.13172344863414764,0.41277119517326355
2021-03-19,0.4033815562725067,0.1577734798192978,0.17096959054470062,0.41758090257644653,0.30185621976852417,0.4145306348800659,0.13793234527111053,0.3612755835056305,0.37917089462280273,0.13110026717185974,0.39107203483581543
2021-03-26,0.39190247654914856,0.20059265196323395,0.22026284039020538,0.3903307318687439,0.3180100619792938,0.3830752670764923,0.1616232544183731,0.3407573103904724,0.38301795721054077,0.17890508472919464,0.38770413398742676
2021-04-02,0.41218894720077515,0.20743811130523682,0.23573613166809082,0.40164807438850403,0.32593926787376404,0.43417057394981384,0.17665109038352966,0.3762485086917877,0.41829973459243774,0.18438373506069183,0.4181913733482361
2021-04-09,0.39925089478492737,0.2023763805627823,0.2323504090309143,0.40080755949020386,0.35025206208229065,0.4030299186706543,0.17780078947544098,0.392034113407135,0.44000038504600525,0.1783801019191742,0.418515145778656
2021-04-16,0.43450313806533813,0.20799000561237335,0.24162329733371735,0.40616458654403687,0.36185169219970703,0.4259394407272339,0.17882882058620453,0.40095627307891846,0.43326878547668457,0.16878071427345276,0.4254080653190613
2021-04-23,0.4067564010620117,0.16627086699008942,0.2023685723543167,0.3972247540950775,0.3301072120666504,0.42560508847236633,0.1542077660560608,0.3858926296234131,0.4002949297428131,0.16373036801815033,0.4107820391654968
2021-04-30,0.39481353759765625,0.1930089145898819,0.20603953301906586,0.4025563895702362,0.31634560227394104,0.4157509207725525,0.15812595188617706,0.37902209162712097,0.3748389184474945,0.1615118384361267,0.38283318281173706
2021-05-07,0.40967342257499695,0.17314843833446503,0.22866301238536835,0.4062051773071289,0.2894032895565033,0.40676167607307434,0.15661929547786713,0.3527657687664032,0.3806384801864624,0.16474010050296783,0.39066874980926514
2021-05-14,0.4111124873161316,0.178551584482193,0.22396822273731232,0.41564199328422546,0.34250059723854065,0.40915635228157043,0.1575646847486496,0.3651447594165802,0.4128737151622772,0.15823806822299957,0.41313236951828003
2021-05-21,0.41318267583847046,0.13639849424362183,0.2058960497379303,0.3945453464984894,0.30148592591285706,0.39948055148124695,0.11640743911266327,0.3143954575061798,0.40104788541793823,0.12977994978427887,0.36381375789642334
2021-05-28,0.4183056652545929,0.13485202193260193,0.1705120950937271,0.3760666847229004,0.28188297152519226,0.4033449590206146,0.12591928243637085,0.35485759377479553,0.38325023651123047,0.12608623504638672,0.3784067928791046
2021-06-04,0.4014529287815094,0.1461423635482788,0.1830773502588272,0.40962693095207214,0.2973799705505371,0.41534900665283203,0.1329055279493332,0.3510267734527588,0.4072313904762268,0.13508132100105286,0.4386519193649292
2021-06-11,0.42356815934181213,0.1388268768787384,0.19469283521175385,0.39849740266799927,0.31005600094795227,0.39838188886642456,0.10879435390233994,0.3322603404521942,0.3714558184146881,0.14826983213424683,0.4285961091518402
2021-06-18,0.3590770363807678,0.08803486078977585,0.12173686921596527,0.386524498462677,0.26578760147094727,0.40057259798049927,0.07548213750123978,0.3156624436378479,0.3853651285171509,0.07084571570158005,0.374118834733963
2021-06-25,0.36351728439331055,0.1022452712059021,0.13827404379844666,0.3627043068408966,0.2653852701187134,0.3655705153942108,0.07902228832244873,0.3031533360481262,0.3879074156284332,0.07438535243272781,0.36614882946014404
2021-07-02,0.36163485050201416,0.09284210205078125,0.11922214925289154,0.3611314296722412,0.22284439206123352,0.3870694637298584,0.07640137523412704,0.29940930008888245,0.3633415997028351,0.07401404529809952,0.3732987940311432
2021-07-09,0.37770888209342957,0.09875239431858063,0.12395940721035004,0.37007948756217957,0.26700031757354736,0.3921297788619995,0.06996895372867584,0.31525343656539917,0.38286250829696655,0.08324729651212692,0.3619861602783203
2021-07-16,0.38607850670814514,0.08244647085666656,0.10173668712377548,0.3747715651988983,0.23247896134853363,0.37270691990852356,0.059132229536771774,0.296505868434906,0.348375529050827,0.07027985155582428,0.3915451169013977
2021-07-23,0.37654224038124084,0.09186291694641113,0.12267214804887772,0.38204386830329895,0.26143544912338257,0.3892054855823517,0.05919670686125755,0.32280662655830383,0.39954477548599243,0.07024552673101425,0.3774735629558563
2021-07-30,0.3472738265991211,0.07705539464950562,0.11395184695720673,0.35515928268432617,0.2530408799648285,0.3721606433391571,0.0643363669514656,0.31823641061782837,0.3538838326931,0.06841403245925903,0.3428516685962677
2021-08-06,0.3470660448074341,0.07913610339164734,0.10755660384893417,0.378717839717865,0.2441183626651764,0.37566712498664856,0.06198195368051529,0.27282005548477173,0.3474101722240448,0.07047051936388016,0.345436692237854
2021-08-13,0.3592044711112976,0.0918373242020607,0.11985234916210175,0.38704532384872437,0.23442982137203217,0.36631783843040466,0.06875477731227875,0.3004976511001587,0.35385093092918396,0.06197736784815788,0.3749012351036072
2021-08-20,0.33685585856437683,0.07761794328689575,0.10430869460105896,0.35760006308555603,0.2456827610731125,0.36334657669067383,0.056117065250873566,0.28074684739112854,0.3439024090766907,0.06511721014976501,0.3355843722820282
2021-08-27,0.37141039967536926,0.08027087897062302,0.10462339222431183,0.38744595646858215,0.22827371954917908,0.3766201436519623,0.0690462663769722,0.3124384582042694,0.34309065341949463,0.06874541938304901,0.33030152320861816
2021-09-03,0.3531669080257416,0.08463099598884583,0.11818954348564148,0.33588311076164246,0.23308800160884857,0.37866848707199097,0.06720682233572006,0.2931119203567505,0.33037465810775757,0.07630059123039246,0.3533186614513397
2021-09-10,0.38310977816581726,0.21764537692070007,0.23803238570690155,0.40622395277023315,0.3443865478038788,0.4065292775630951,0.19506169855594635,0.36543264985084534,0.4117897152900696,0.2143058031797409,0.4049004018306732
2021-09-17,0.41646283864974976,0.22957487404346466,0.2532849907875061,0.4082735776901245,0.34862807393074036,0.39929983019828796,0.2119055837392807,0.3427276611328125,0.4082528352737427,0.21025390923023224,0.40574824810028076
2021-09-24,0.4256291687488556,0.2067565619945526,0.2338087260723114,0.40034639835357666,0.3516238033771515,0.42375078797340393,0.19354242086410522,0.3745397925376892,0.41763177514076233,0.20769749581813812,0.4274982810020447
2021-10-01,0.3992631733417511,0.2348777949810028,0.26009857654571533,0.39807677268981934,0.33204421401023865,0.4002186357975006,0.1887092888355255,0.3727036714553833,0.4140552878379822,0.20691540837287903,0.40878111124038696
2021-10-08,0.3738381266593933,0.07639577239751816,0.14384083449840546,0.37580442428588867,0.26023998856544495,0.3925018608570099,0.05827180668711662,0.3093697428703308,0.3555518686771393,0.06953197717666626,0.355380654335022
2021-10-15,0.3634350299835205,0.07869934290647507,0.10717809200286865,0.3780927360057831,0.25128260254859924,0.3814294934272766,0.061879780143499374,0.30691415071487427,0.3561651408672333,0.06693320721387863,0.38428962230682373
2021-10-22,0.3586907684803009,0.07249104976654053,0.11337219178676605,0.35216662287712097,0.24822382628917694,0.3696744740009308,0.06479179114103317,0.29696282744407654,0.3518056273460388,0.07176671177148819,0.33988073468208313
2021-10-29,0.36140039563179016,0.069552481174469,0.1283845752477646,0.385757178068161,0.25213193893432617,0.38903602957725525,0.06279121339321136,0.2909109592437744,0.3711015582084656,0.07503129541873932,0.37554240226745605
2021-11-05,0.3799694776535034,0.1104033961892128,0.16154201328754425,0.37130555510520935,0.26382046937942505,0.4014034569263458,0.08311988413333893,0.31357866525650024,0.369855672121048,0.10116670280694962,0.3562009632587433
2021-11-12,0.3609892725944519,0.11606350541114807,0.1493256837129593,0.37346452474594116,0.264059454202652,0.36497053503990173,0.0779583603143692,0.30107247829437256,0.35499247908592224,0.10195470601320267,0.3783915936946869
2021-11-19,0.387369304895401,0.11741174757480621,0.13726364076137543,0.3678988814353943,0.24793781340122223,0.3609609603881836,0.07694639265537262,0.27743908762931824,0.36967307329177856,0.08757901936769485,0.3677964210510254
2021-11-26,0.387868732213974,0.12235674262046814,0.15878911316394806,0.37325000762939453,0.2677798867225647,0.33905428647994995,0.08858811110258102,0.3283015191555023,0.3669188320636749,0.10208899527788162,0.4026523530483246
2021-12-03,0.3630007207393646,0.09599000215530396,0.11512888967990875,0.3766991198062897,0.24297751486301422,0.3776547908782959,0.07421780377626419,0.30039048194885254,0.3682716190814972,0.07594821602106094,0.3504224717617035
2021-12-10,0.36969301104545593,0.0865478515625,0.11821678280830383,0.35138142108917236,0.24943429231643677,0.3749816119670868,0.06846746802330017,0.28615543246269226,0.35347339510917664,0.069693423807621,0.3629895746707916
2021-12-17,0.35078731179237366,0.09999613463878632,0.11926699429750443,0.3567744493484497,0.25294575095176697,0.36444035172462463,0.06634227186441422,0.2799554169178009,0.3559703528881073,0.07599074393510818,0.37878426909446716
2021-12-24,0.3698481321334839,0.08339007943868637,0.11440341919660568,0.3568878173828125,0.25459787249565125,0.34473541378974915,0.06648126989603043,0.2998674511909485,0.35143232345581055,0.07234005630016327,0.3579866588115692
2021-12-31,0.37991636991500854,0.18912220001220703,0.18900257349014282,0.37366995215415955,0.31049177050590515,0.39551979303359985,0.15343807637691498,0.37705013155937195,0.4179283678531647,0.15740858018398285,0.39733627438545227
2022-01-07,0.38188436627388,0.18631912767887115,0.19758173823356628,0.33809447288513184,0.28720036149024963,0.4053466022014618,0.1506526917219162,0.36083269119262695,0.3618958294391632,0.17275060713291168,0.33953091502189636
2022-01-14,0.41052669286727905,0.20994748175144196,0.21011146903038025,0.37791943550109863,0.29256781935691833,0.3675056993961334,0.16650429368019104,0.3389489948749542,0.3600318729877472,0.15609906613826752,0.4101024866104126
2022-01-21,0.381196528673172,0.1900147795677185,0.2292284518480301,0.3623300790786743,0.3276485800743103,0.3586970269680023,0.17064300179481506,0.3334353566169739,0.3390859067440033,0.17487601935863495,0.3908924460411072
2022-01-28,0.2797994017601013,0.19518643617630005,0.27866363525390625,0.3350905478000641,0.2942834198474884,0.4258287250995636,0.2007717490196228,0.35085490345954895,0.3441741168498993,0.32646939158439636,0.37959933280944824
2022-02-04,0.33495667576789856,0.1830207109451294,0.20402255654335022,0.2767762839794159,0.37404707074165344,0.4478999376296997,0.25221455097198486,0.3151009976863861,0.2130887806415558,0.27265623211860657,0.38753482699394226
2022-02-11,0.43538951873779297,0.21037958562374115,0.21776083111763,0.26262664794921875,0.2777813971042633,0.42613503336906433,0.24011225998401642,0.2789634168148041,0.43526941537857056,0.16753821074962616,0.42226114869117737
2022-02-18,0.4184829592704773,0.24012669920921326,0.2476111799478531,0.3389579653739929,0.27071917057037354,0.36102619767189026,0.13865064084529877,0.45661988854408264,0.33482521772384644,0.16289624571800232,0.3162830173969269
2022-02-25,0.4511360228061676,0.28035303950309753,0.2828276753425598,0.4330713152885437,0.389665424823761,0.4017461836338043,0.2720582187175751,0.37929365038871765,0.41915249824523926,0.2801049053668976,0.4044245183467865
2022-03-04,0.406264066696167,0.25995779037475586,0.2842033803462982,0.3951384425163269,0.37017783522605896,0.43623587489128113,0.23869578540325165,0.37379583716392517,0.4271155893802643,0.2708887755870819,0.3885062336921692
2022-03-11,0.3998287618160248,0.2829969823360443,0.2832542359828949,0.41216912865638733,0.3468688428401947,0.39657896757125854,0.2533904016017914,0.37436994910240173,0.37020614743232727,0.2724522352218628,0.42526960372924805
2022-03-18,0.40316471457481384,0.2621755301952362,0.28970471024513245,0.4064714312553406,0.3650191128253937,0.39613792300224304,0.2547396719455719,0.3890857696533203,0.4189870357513428,0.2381555140018463,0.44967663288116455
2022-03-25,0.4109007716178894,0.3260638415813446,0.3064582943916321,0.4349696934223175,0.3945326805114746,0.42716291546821594,0.286027193069458,0.4052894413471222,0.43267130851745605,0.30311447381973267,0.4169452488422394
2022-04-01,0.4418574571609497,0.310983270406723,0.33966371417045593,0.4576769173145294,0.3881601095199585,0.41607731580734253,0.30242475867271423,0.4001719653606415,0.4487532377243042,0.2942693829536438,0.44594594836235046
2022-04-08,0.40884658694267273,0.32389116287231445,0.2922745645046234,0.42913466691970825,0.4073466956615448,0.42757895588874817,0.2812039852142334,0.3964841961860657,0.4332488179206848,0.2704002261161804,0.392578661441803
2022-04-15,0.42404842376708984,0.320528507232666,0.3429713547229767,0.42375439405441284,0.4001096785068512,0.4256603717803955,0.28816935420036316,0.4288279116153717,0.4460288882255554,0.2852773666381836,0.44279706478118896
2022-04-22,0.4440084993839264,0.34129443764686584,0.3089837431907654,0.4158230423927307,0.3987700939178467,0.4480261206626892,0.27358558773994446,0.4037908613681793,0.424248069524765,0.2870917022228241,0.4241105914115906
2022-04-29,0.41631683707237244,0.3210439682006836,0.317073792219162,0.4265795648097992,0.4020269215106964,0.4227260649204254,0.2914433479309082,0.4013882279396057,0.44456198811531067,0.28801366686820984,0.4201918840408325
2022-05-06,0.426260769367218,0.3127659559249878,0.3350946009159088,0.41932472586631775,0.4193030595779419,0.4199972152709961,0.3015991747379303,0.4275353252887726,0.42821794748306274,0.29653578996658325,0.4309980571269989
2022-05-13,0.4064885079860687,0.3019813299179077,0.2848697602748871,0.4377802312374115,0.39930057525634766,0.40801528096199036,0.2860388159751892,0.395320326089859,0.40615084767341614,0.2589553892612457,0.41743165254592896
2022-05-20,0.45028555393218994,0.24115994572639465,0.27897152304649353,0.43908438086509705,0.3579186201095581,0.43027108907699585,0.24243545532226562,0.3918485939502716,0.4472028613090515,0.25760799646377563,0.44855037331581116
2022-05-27,0.4221719801425934,0.25224602222442627,0.27207285165786743,0.4012959599494934,0.3795439600944519,0.44112762808799744,0.21675895154476166,0.3918856978416443,0.4021262526512146,0.24082186818122864,0.4447128474712372
2022-06-03,0.4203934669494629,0.256062775850296,0.27809831500053406,0.4219648540019989,0.34352025389671326,0.4406895339488983,0.22907361388206482,0.4138146936893463,0.4027012884616852,0.23035353422164917,0.4295656681060791
2022-06-10,0.4011034667491913,0.24340341985225677,0.26520490646362305,0.39584776759147644,0.38060876727104187,0.39924392104148865,0.23947227001190186,0.38383743166923523,0.4240553081035614,0.24069544672966003,0.39952680468559265
2022-06-17,0.4192938804626465,0.22747832536697388,0.26412954926490784,0.4377284049987793,0.38944411277770996,0.4084312617778778,0.2165226936340332,0.3500227630138397,0.43109291791915894,0.22700105607509613,0.440143883228302
2022-06-24,0.4101606011390686,0.23928125202655792,0.27520039677619934,0.42135071754455566,0.3594728708267212,0.4357823133468628,0.20320038497447968,0.3985673785209656,0.41020646691322327,0.22678062319755554,0.4224843382835388
2022-07-01,0.40007591247558594,0.23852026462554932,0.2674802243709564,0.3889845907688141,0.34663206338882446,0.4148736894130707,0.23301082849502563,0.3757359981536865,0.40436017513275146,0.251736581325531,0.4143543839454651
2022-07-08,0.43441781401634216,0.2495538890361786,0.2503718435764313,0.40810897946357727,0.3765184283256531,0.4385651648044586,0.23907753825187683,0.394887238740921,0.4522790312767029,0.24055911600589752,0.45270028710365295
2022-07-15,0.4186522960662842,0.28621208667755127,0.2946501076221466,0.4175657629966736,0.33977144956588745,0.4526265859603882,0.23425136506557465,0.3839704096317291,0.41143953800201416,0.26640939712524414,0.4342600405216217
2022-07-22,0.4317648410797119,0.28412795066833496,0.2979039251804352,0.409593403339386,0.35587242245674133,0.42811211943626404,0.2636958360671997,0.38996621966362,0.436505526304245,0.26805776357650757,0.4180815815925598
2022-07-29,0.43580132722854614,0.2708248198032379,0.28734347224235535,0.39209112524986267,0.3565816581249237,0.409503310918808,0.2599286139011383,0.38933369517326355,0.43327030539512634,0.2697576880455017,0.4315165877342224
2022-08-05,0.4380142092704773,0.2758277952671051,0.288541316986084,0.4077337384223938,0.36973997950553894,0.4162229001522064,0.2352268248796463,0.3876885771751404,0.43584659695625305,0.2670539617538452,0.4152796268463135
2022-08-12,0.4181000590324402,0.3144809305667877,0.3284023106098175,0.42457693815231323,0.4025576114654541,0.4432389736175537,0.28656259179115295,0.38770607113838196,0.4203639030456543,0.29043468832969666,0.4213820695877075
2022-08-19,0.44330382347106934,0.3075605034828186,0.334551066160202,0.4202502369880676,0.3603537976741791,0.4237338900566101,0.30488863587379456,0.43171998858451843,0.42973440885543823,0.3051254451274872,0.43438273668289185
2022-08-26,0.44997361302375793,0.3260610103607178,0.32266488671302795,0.41045647859573364,0.3994002640247345,0.44697824120521545,0.2791719436645508,0.4204302728176117,0.4243425130844116,0.3005528748035431,0.45468199253082275
2022-09-02,0.44464656710624695,0.30289292335510254,0.2980860769748688,0.4367615282535553,0.38108116388320923,0.4293406009674072,0.31056156754493713,0.3984789252281189,0.43113377690315247,0.3238818645477295,0.4311387538909912
2022-09-09,0.4444662928581238,0.29256105422973633,0.3161361813545227,0.42856085300445557,0.3695513606071472,0.4485739767551422,0.2929679751396179,0.3899688422679901,0.40392065048217773,0.29618504643440247,0.409393310546875
2022-09-16,0.431417316198349,0.30438852310180664,0.3368892967700958,0.44852596521377563,0.4028521478176117,0.4202606678009033,0.28801506757736206,0.38310304284095764,0.42761391401290894,0.29346027970314026,0.42243313789367676
2022-09-23,0.4439992904663086,0.30268532037734985,0.3273080289363861,0.42224884033203125,0.3988989591598511,0.45501622557640076,0.3004705309867859,0.42173582315444946,0.4489404559135437,0.2931176722049713,0.4563334882259369
2022-09-30,0.42164963483810425,0.30820953845977783,0.31766971945762634,0.43108460307121277,0.40623924136161804,0.44619134068489075,0.3028107285499573,0.4073027968406677,0.4218326210975647,0.28714874386787415,0.42865774035453796
2022-10-07,0.4732626974582672,0.4449240267276764,0.4809018075466156,0.4593590795993805,0.4670202136039734,0.4856894016265869,0.44554173946380615,0.46963000297546387,0.4891960024833679,0.44290322065353394,0.46558862924575806
2022-10-14,0.489313006401062,0.4663543701171875,0.48342058062553406,0.4925420582294464,0.48432064056396484,0.486105740070343,0.4206060767173767,0.4647698998451233,0.461174875497818,0.4633086919784546,0.4743950366973877
2022-10-21,0.47318699955940247,0.4392430782318115,0.46482235193252563,0.45720914006233215,0.4814035892486572,0.4627456068992615,0.4522835612297058,0.49076828360557556,0.45880866050720215,0.43834635615348816,0.48089250922203064
2022-10-28,0.48112353682518005,0.4408385753631592,0.42806997895240784,0.47737836837768555,0.4412337839603424,0.4907108545303345,0.43601280450820923,0.471538782119751,0.4901481866836548,0.44895219802856445,0.44880563020706177
2022-11-04,0.46714338660240173,0.3729930520057678,0.3835650086402893,0.45339828729629517,0.43030622601509094,0.450110524892807,0.3507356643676758,0.4390948712825775,0.4344550669193268,0.3645351827144623,0.4550742208957672
2022-11-11,0.45404359698295593,0.38398876786231995,0.36910513043403625,0.4484202265739441,0.43579062819480896,0.43974539637565613,0.3487018048763275,0.4590601325035095,0.4578598141670227,0.3759792447090149,0.4582188129425049
2022-11-18,0.4398505389690399,0.37817561626434326,0.4006730616092682,0.44946804642677307,0.4475804269313812,0.4649161696434021,0.3483165502548218,0.4486917555332184,0.45603516697883606,0.3550332486629486,0.44608980417251587
2022-11-25,0.4272710680961609,0.3736778795719147,0.3690277636051178,0.4465116858482361,0.41972383856773376,0.445943146944046,0.3415285646915436,0.4329950213432312,0.439969003200531,0.3692432940006256,0.4626616835594177
2022-12-02,0.4362521171569824,0.2823028862476349,0.30575498938560486,0.4016561508178711,0.35091325640678406,0.4164279103279114,0.25810500979423523,0.3960362672805786,0.42838695645332336,0.2860831022262573,0.41537612676620483
2022-12-09,0.4277189075946808,0.28047263622283936,0.3040507733821869,0.41255176067352295,0.39453428983688354,0.4142349064350128,0.2668362259864807,0.39174848794937134,0.4197719693183899,0.27003613114356995,0.40082573890686035
2022-12-16,0.41328901052474976,0.24757765233516693,0.28986531496047974,0.4307205379009247,0.3843809962272644,0.40455856919288635,0.23493815958499908,0.4022987484931946,0.4212897717952728,0.26804426312446594,0.41502845287323
2022-12-23,0.43384677171707153,0.2792920172214508,0.32621607184410095,0.415967732667923,0.36367496848106384,0.41919010877609253,0.2638794779777527,0.39191871881484985,0.4309244155883789,0.2558553218841553,0.431721955537796
2022-12-30,0.4419381320476532,0.3465864658355713,0.34957781434059143,0.42864471673965454,0.427372008562088,0.4489377439022064,0.32905375957489014,0.43429240584373474,0.4603169560432434,0.33288002014160156,0.4590144157409668
2023-01-06,0.43937328457832336,0.3383917510509491,0.37481456995010376,0.4573461711406708,0.443389356136322,0.4495766758918762,0.32122018933296204,0.43312543630599976,0.44264453649520874,0.34265896677970886,0.4590633511543274
2023-01-13,0.45387864112854004,0.34886711835861206,0.3671981394290924,0.44469621777534485,0.4265558123588562,0.4540206789970398,0.3121814429759979,0.41854092478752136,0.4502100944519043,0.3352554142475128,0.45694711804389954
2023-01-20,0.4326365888118744,0.3473271131515503,0.3585970103740692,0.4264708459377289,0.4087688624858856,0.45790430903434753,0.331298828125,0.41359320282936096,0.4468323886394501,0.3419884443283081,0.4598182737827301
2023-01-27,0.46912288665771484,0.47300854325294495,0.46111753582954407,0.45515525341033936,0.4769250452518463,0.46117103099823,0.4630325138568878,0.46063077449798584,0.4965323507785797,0.4601328670978546,0.4801012873649597
2023-02-03,0.5035250782966614,0.4579254388809204,0.46887579560279846,0.5055290460586548,0.4653066098690033,0.511995255947113,0.4474394917488098,0.49103137850761414,0.4948640763759613,0.43765440583229065,0.4649656116962433
2023-02-10,0.4595690667629242,0.45436373353004456,0.4366148114204407,0.4773710072040558,0.4697447717189789,0.4756411015987396,0.48201820254325867,0.4695263206958771,0.47646182775497437,0.46062055230140686,0.4876100420951843
2023-02-17,0.4899289309978485,0.46512898802757263,0.4660108983516693,0.487945556640625,0.4976685643196106,0.47722262144088745,0.4726600646972656,0.48327872157096863,0.47368356585502625,0.446106880903244,0.4956966042518616
2023-02-24,0.4716375768184662,0.4719942808151245,0.45801904797554016,0.4896966814994812,0.47014808654785156,0.475005567073822,0.45034632086753845,0.47009533643722534,0.49193087220191956,0.4793354570865631,0.5141698718070984
2023-03-03,0.48786020278930664,0.4635840058326721,0.474654883146286,0.49767932295799255,0.4735857844352722,0.5073067545890808,0.45820939540863037,0.47327926754951477,0.4603397846221924,0.4629008173942566,0.4941416382789612
2023-03-10,0.469905287027359,0.4649169445037842,0.47095435857772827,0.4854663908481598,0.46631357073783875,0.49824002385139465,0.46714434027671814,0.49082857370376587,0.47446587681770325,0.45532548427581787,0.46954745054244995
2023-03-17,0.4814453721046448,0.4706900417804718,0.4370098114013672,0.48004379868507385,0.46610400080680847,0.4642532169818878,0.45327597856521606,0.4919828772544861,0.4757859706878662,0.4561125636100769,0.46896594762802124
2023-03-24,0.4649171531200409,0.4406953752040863,0.45698586106300354,0.4788605868816376,0.47437670826911926,0.48062863945961,0.46268272399902344,0.4743407368659973,0.4859295189380646,0.4476010203361511,0.4743029475212097
2023-03-31,0.4807780683040619,0.4645328223705292,0.46510758996009827,0.4720994234085083,0.4547148048877716,0.4724482595920563,0.4823542833328247,0.4916626214981079,0.47331729531288147,0.47452160716056824,0.4628560245037079
2023-04-07,0.4690518081188202,0.4460705816745758,0.4507877826690674,0.48985522985458374,0.4706479012966156,0.49373847246170044,0.4509229362010956,0.4822544455528259,0.46812137961387634,0.4782611131668091,0.5020748376846313
2023-04-14,0.48031526803970337,0.46729132533073425,0.4466087818145752,0.47328534722328186,0.4757143557071686,0.4960843026638031,0.46630942821502686,0.48890823125839233,0.4683457314968109,0.4391597509384155,0.470343679189682
2023-04-21,0.48150429129600525,0.41479116678237915,0.42669981718063354,0.47680962085723877,0.45585325360298157,0.4749622344970703,0.4330236613750458,0.4486122727394104,0.4689716100692749,0.42773163318634033,0.45409294962882996
2023-04-28,0.4736213982105255,0.44530758261680603,0.4270414710044861,0.45540234446525574,0.46762433648109436,0.4878051280975342,0.3998146653175354,0.45944854617118835,0.47665536403656006,0.4314778745174408,0.45706817507743835
2023-05-05,0.48024633526802063,0.40872204303741455,0.44951316714286804,0.46095800399780273,0.4342929422855377,0.4721810519695282,0.4101417064666748,0.44874244928359985,0.46792733669281006,0.4123232662677765,0.44888508319854736
2023-05-12,0.48267289996147156,0.44583383202552795,0.4460397958755493,0.46967312693595886,0.4503771662712097,0.4526139199733734,0.42894577980041504,0.45307305455207825,0.4725024402141571,0.4164891541004181,0.4899314343929291
2023-05-19,0.45593273639678955,0.2973935008049011,0.3259851932525635,0.4454987645149231,0.40734320878982544,0.44185441732406616,0.2962454557418823,0.4416038990020752,0.46184173226356506,0.28984034061431885,0.43734437227249146
2023-05-26,0.4458133280277252,0.30593276023864746,0.3433077335357666,0.44280412793159485,0.4049561619758606,0.4651316702365875,0.29636725783348083,0.4318360984325409,0.451948344707489,0.30203190445899963,0.45843106508255005
2023-06-02,0.43404242396354675,0.32347333431243896,0.36625155806541443,0.45187240839004517,0.41059550642967224,0.4469882547855377,0.3021199107170105,0.4286552369594574,0.420321524143219,0.29923874139785767,0.44611579179763794
2023-06-09,0.44170430302619934,0.2955290973186493,0.3567209243774414,0.43925145268440247,0.39839619398117065,0.4397639334201813,0.29793301224708557,0.4130879342556,0.47499820590019226,0.3203733265399933,0.4647064805030823
2023-06-16,0.4281827509403229,0.3284839689731598,0.3550967276096344,0.46172618865966797,0.39543503522872925,0.4743022322654724,0.33756765723228455,0.42103949189186096,0.4275406301021576,0.36027273535728455,0.4240865409374237
2023-06-23,0.43278685212135315,0.34994781017303467,0.3405933380126953,0.4573792517185211,0.4216109812259674,0.4558042287826538,0.32369211316108704,0.42832425236701965,0.4289375841617584,0.35957106947898865,0.4568467438220978
2023-06-30,0.4355820119380951,0.3569434881210327,0.3485417366027832,0.46233755350112915,0.3814357817173004,0.4513337314128876,0.3287082016468048,0.38582414388656616,0.4572172462940216,0.33983248472213745,0.45413222908973694
2023-07-07,0.47325223684310913,0.3437284529209137,0.35017406940460205,0.43852096796035767,0.40928104519844055,0.45384126901626587,0.31247323751449585,0.44073769450187683,0.4610726237297058,0.33959224820137024,0.4746745526790619
2023-07-14,0.47274720668792725,0.4618683457374573,0.4496105909347534,0.4760803282260895,0.44250303506851196,0.45882201194763184,0.4650181829929352,0.45892617106437683,0.45479685068130493,0.46422120928764343,0.4517795443534851
2023-07-21,0.4861651062965393,0.45448145270347595,0.4521651268005371,0.4554491341114044,0.47307780385017395,0.4930228292942047,0.4629420340061188,0.459659218788147,0.46839219331741333,0.4351915121078491,0.4714469313621521
2023-07-28,0.4347502291202545,0.4453906714916229,0.4478302597999573,0.4613752067089081,0.47149384021759033,0.47263896465301514,0.4501625597476959,0.46225398778915405,0.49947258830070496,0.474972128868103,0.4717920422554016
2023-08-04,0.4723755717277527,0.4408315420150757,0.45871323347091675,0.48378437757492065,0.45359116792678833,0.4681937098503113,0.4755799472332001,0.4437803030014038,0.472099632024765,0.470967173576355,0.4507812559604645
2023-08-11,0.4523408114910126,0.4533848464488983,0.4647585451602936,0.49587926268577576,0.47530174255371094,0.4677160978317261,0.45140960812568665,0.4803989827632904,0.4653022289276123,0.44888296723365784,0.49208226799964905
2023-08-18,0.5102585554122925,0.47222453355789185,0.49916982650756836,0.495505690574646,0.4890859127044678,0.4693334996700287,0.4897507131099701,0.4845937192440033,0.4992521405220032,0.47268667817115784,0.4825490713119507
2023-08-25,0.49567678570747375,0.48694005608558655,0.4940054714679718,0.48342210054397583,0.478287935256958,0.4655500054359436,0.4723304212093353,0.4894443452358246,0.4928344488143921,0.4638701379299164,0.4774223268032074
2023-09-01,0.4984729588031769,0.4446667432785034,0.49335378408432007,0.49950388073921204,0.4855376183986664,0.490233838558197,0.4934788942337036,0.4821842610836029,0.46506887674331665,0.48475098609924316,0.5024181604385376
2023-09-08,0.4694877564907074,0.4848931133747101,0.4554808437824249,0.45982593297958374,0.4625084400177002,0.46177735924720764,0.4903765022754669,0.4629788398742676,0.4928782880306244,0.4660027027130127,0.4935845136642456
2023-09-15,0.4847811162471771,0.46249791979789734,0.46670469641685486,0.4591398537158966,0.4923345148563385,0.48273274302482605,0.4411413371562958,0.47611451148986816,0.47514528036117554,0.4655900299549103,0.4854971468448639
2023-09-22,0.46689921617507935,0.4431813657283783,0.479507178068161,0.44539880752563477,0.4703187048435211,0.5018850564956665,0.4473898410797119,0.483683705329895,0.4565660059452057,0.4705139994621277,0.4582192599773407
2023-09-29,0.4652487337589264,0.46680477261543274,0.4655114710330963,0.4527534246444702,0.48542869091033936,0.47983643412590027,0.4396792948246002,0.4644273817539215,0.4451889395713806,0.45023953914642334,0.43517765402793884
2023-10-06,0.4397735297679901,0.38527390360832214,0.389918714761734,0.46175068616867065,0.429303377866745,0.4483681321144104,0.38797810673713684,0.4274838864803314,0.44572481513023376,0.40577664971351624,0.44983503222465515
2023-10-13,0.4463328421115875,0.4155384302139282,0.38655754923820496,0.4507872462272644,0.4417526125907898,0.4350461959838867,0.38204988837242126,0.4561309814453125,0.4758787155151367,0.3784090578556061,0.44215866923332214
2023-10-20,0.4228675663471222,0.38296329975128174,0.3973085880279541,0.4466070234775543,0.4415225088596344,0.44036242365837097,0.36917537450790405,0.4311649799346924,0.44681382179260254,0.3882325291633606,0.45521780848503113
2023-10-27,0.480085551738739,0.40134698152542114,0.414684534072876,0.45725807547569275,0.42864787578582764,0.4467986524105072,0.36204126477241516,0.44063740968704224,0.4556380808353424,0.3660794496536255,0.44068166613578796
2023-11-03,0.48787200450897217,0.4467184245586395,0.48122701048851013,0.4702034294605255,0.4376341998577118,0.46234285831451416,0.42038413882255554,0.4645918309688568,0.4752817153930664,0.4272381663322449,0.44934749603271484
2023-11-10,0.4465775787830353,0.460435688495636,0.4577769637107849,0.47403571009635925,0.4541313350200653,0.48564380407333374,0.4046674072742462,0.45652422308921814,0.46126025915145874,0.41429200768470764,0.4681386947631836
2023-11-17,0.4875915050506592,0.4230654239654541,0.4410923719406128,0.47408628463745117,0.4539950489997864,0.48170480132102966,0.4185517728328705,0.47212693095207214,0.47015973925590515,0.416451096534729,0.4795225262641907
2023-11-24,0.48540961742401123,0.451202929019928,0.43113869428634644,0.48247790336608887,0.47530853748321533,0.4632664918899536,0.43125778436660767,0.4636805057525635,0.45958447456359863,0.41677722334861755,0.47067710757255554
2023-12-01,0.48755908012390137,0.47320109605789185,0.48465508222579956,0.4809907078742981,0.46132007241249084,0.47789523005485535,0.45308059453964233,0.4548337459564209,0.4682283103466034,0.43983861804008484,0.44955605268478394
2023-12-08,0.48022687435150146,0.4783239960670471,0.4585146903991699,0.46429935097694397,0.48877739906311035,0.4776405096054077,0.44214969873428345,0.4440796673297882,0.4622631072998047,0.44939884543418884,0.4525264799594879
2023-12-15,0.44180014729499817,0.47715693712234497,0.4428781270980835,0.49856117367744446,0.45494791865348816,0.47382059693336487,0.4751410186290741,0.47186529636383057,0.5003409385681152,0.47342735528945923,0.4552522897720337
2023-12-22,0.47130563855171204,0.44776272773742676,0.4605562388896942,0.44532129168510437,0.48310136795043945,0.48836132884025574,0.48387259244918823,0.482587993144989,0.48435553908348083,0.47252288460731506,0.48012271523475647
2023-12-29,0.5089530348777771,0.4286549389362335,0.44407862424850464,0.4742548167705536,0.4682399034500122,0.4813935458660126,0.44827955961227417,0.42940768599510193,0.47705069184303284,0.44976699352264404,0.4650508761405945
2024-01-05,0.46174702048301697,0.43980562686920166,0.4607977867126465,0.47617676854133606,0.449836403131485,0.4595761299133301,0.4360660910606384,0.4776464104652405,0.4771888554096222,0.4298834800720215,0.4796183705329895
2024-01-12,0.45924532413482666,0.47938764095306396,0.4355469346046448,0.46988317370414734,0.4734492599964142,0.45386984944343567,0.44156014919281006,0.4495939314365387,0.42178675532341003,0.47236600518226624,0.49223050475120544
2024-01-19,0.4764707684516907,0.44805076718330383,0.4600040912628174,0.47677022218704224,0.47978177666664124,0.47749063372612,0.452445387840271,0.45573145151138306,0.4782942235469818,0.466679185628891,0.48034563660621643
2024-01-26,0.4300885498523712,0.373842716217041,0.4014812111854553,0.4586133062839508,0.40414437651634216,0.453470915555954,0.4053000211715698,0.4206371307373047,0.49076494574546814,0.4292909502983093,0.4799899756908417
2024-02-02,0.44706156849861145,0.3644043803215027,0.4245506823062897,0.4621230959892273,0.40582457184791565,0.43757569789886475,0.3981020450592041,0.4513200521469116,0.4185178577899933,0.4521746337413788,0.41661059856414795
2024-02-09,0.405297189950943,0.4053613543510437,0.3941311836242676,0.42044776678085327,0.42565327882766724,0.45472249388694763,0.37655869126319885,0.4185389578342438,0.3879081606864929,0.40968409180641174,0.4290390610694885
2024-02-16,0.4157181978225708,0.3510819971561432,0.36515718698501587,0.4141194820404053,0.3824321925640106,0.4502592980861664,0.41515058279037476,0.4654194116592407,0.4196701645851135,0.3784681260585785,0.4624391794204712
2024-02-23,0.4478628933429718,0.4298947751522064,0.47042298316955566,0.47290337085723877,0.4212610423564911,0.4230240285396576,0.44771066308021545,0.4818862974643707,0.45719653367996216,0.4571533203125,0.49004340171813965
2024-03-01,0.45126479864120483,0.3983704745769501,0.4446297585964203,0.45070964097976685,0.44518160820007324,0.4890504479408264,0.402978777885437,0.44866082072257996,0.423697292804718,0.46159934997558594,0.48667100071907043
2024-03-08,0.4452933371067047,0.4536620080471039,0.4510965049266815,0.4650518000125885,0.47739991545677185,0.469654381275177,0.4422595798969269,0.46787574887275696,0.46493446826934814,0.41517096757888794,0.49008095264434814
2024-03-15,0.46459445357322693,0.448234498500824,0.4083872437477112,0.4327886700630188,0.4789065718650818,0.5021218061447144,0.38325950503349304,0.45503076910972595,0.48330995440483093,0.4525546729564667,0.44271713495254517
2024-03-22,0.4080478250980377,0.39485064148902893,0.41963401436805725,0.42946457862854004,0.4373071789741516,0.3986850678920746,0.4098127484321594,0.45681217312812805,0.4252811670303345,0.43038085103034973,0.4408743381500244
2024-03-29,0.47732701897621155,0.3890945315361023,0.4240075647830963,0.48277947306632996,0.4147990345954895,0.45686444640159607,0.3658086061477661,0.397901326417923,0.4404200315475464,0.42706194519996643,0.44620558619499207
2024-04-05,0.4694792926311493,0.41126206517219543,0.44664254784584045,0.4342478811740875,0.39644455909729004,0.43574056029319763,0.42677798867225647,0.3862687945365906,0.4231111705303192,0.4330155849456787,0.4642271101474762
2024-04-12,0.42100101709365845,0.3451068699359894,0.4100729525089264,0.42294707894325256,0.4135446548461914,0.42703747749328613,0.4384033977985382,0.41726505756378174,0.43738463521003723,0.41404226422309875,0.4378153085708618
2024-04-19,0.467713326215744,0.4439522922039032,0.44508084654808044,0.43963387608528137,0.44271424412727356,0.4739340543746948,0.457818865776062,0.4794727563858032,0.42586609721183777,0.4558770954608917,0.4408787190914154
2024-04-26,0.43891000747680664,0.41700708866119385,0.48722440004348755,0.4649520516395569,0.48362359404563904,0.44906631112098694,0.4395425021648407,0.4732764959335327,0.49895256757736206,0.4374583065509796,0.4478079080581665
2024-05-03,0.4822099804878235,0.450020968914032,0.42846572399139404,0.47383809089660645,0.45033150911331177,0.4707086980342865,0.44304636120796204,0.4445134997367859,0.46704545617103577,0.43386411666870117,0.4275096356868744
2024-05-10,0.48230069875717163,0.4549502730369568,0.4325619339942932,0.46436378359794617,0.43164345622062683,0.47437652945518494,0.4153522253036499,0.4669041931629181,0.4902419149875641,0.4431702196598053,0.4325284957885742
2024-05-17,0.48656216263771057,0.42364439368247986,0.4248407185077667,0.45713454484939575,0.47560063004493713,0.39282315969467163,0.44227802753448486,0.3995201587677002,0.4526694118976593,0.3953530788421631,0.43960705399513245
2024-05-24,0.45239779353141785,0.42978718876838684,0.4095380902290344,0.4470754861831665,0.4250432252883911,0.45513975620269775,0.41509079933166504,0.44607794284820557,0.4281792938709259,0.4390045702457428,0.4688034653663635
2024-05-31,0.44479313492774963,0.435301274061203,0.39894482493400574,0.4355872869491577,0.47279325127601624,0.45283156633377075,0.45798394083976746,0.45003634691238403,0.44645559787750244,0.4053243100643158,0.4505080580711365
2024-06-07,0.4533539116382599,0.41332119703292847,0.4671124815940857,0.44464850425720215,0.41436368227005005,0.46585971117019653,0.40035679936408997,0.38579800724983215,0.45378270745277405,0.428097665309906,0.41589587926864624
2024-06-14,0.4960448741912842,0.48310932517051697,0.4821279048919678,0.4905688762664795,0.46532654762268066,0.46804481744766235,0.462823748588562,0.481708288192749,0.4611821472644806,0.44670912623405457,0.4918981194496155
2024-06-21,0.4917975068092346,0.47739091515541077,0.44374120235443115,0.48197072744369507,0.4534217119216919,0.48611733317375183,0.45315128564834595,0.46664971113204956,0.48231175541877747,0.4632311165332794,0.4580639600753784
2024-06-28,0.475956529378891,0.46358245611190796,0.4780351221561432,0.49262240529060364,0.4661446213722229,0.4737975299358368,0.4889943301677704,0.4727133810520172,0.46301430463790894,0.44013574719429016,0.4899245798587799
2024-07-05,0.4755353033542633,0.482530802488327,0.4631359875202179,0.46671268343925476,0.5030308961868286,0.4775197207927704,0.46776992082595825,0.45295432209968567,0.46022602915763855,0.44923046231269836,0.48581936955451965
2024-07-12,0.47443872690200806,0.4041026532649994,0.4322304427623749,0.4153086245059967,0.42619258165359497,0.4644293189048767,0.4031327962875366,0.4283304214477539,0.45862194895744324,0.40871718525886536,0.44295212626457214
2024-07-19,0.47784048318862915,0.42464184761047363,0.44519105553627014,0.48106470704078674,0.4225199520587921,0.45050162076950073,0.4044673442840576,0.43798574805259705,0.4440807104110718,0.3814280927181244,0.451204389333725
2024-07-26,0.43843451142311096,0.4191233515739441,0.42200323939323425,0.46381908655166626,0.42210477590560913,0.47408702969551086,0.43727096915245056,0.4518626630306244,0.441804438829422,0.4632117748260498,0.443423330783844
2024-08-02,0.44650521874427795,0.4107886850833893,0.42596158385276794,0.43003198504447937,0.4539293050765991,0.4274628460407257,0.3971641957759857,0.4400397539138794,0.4339918792247772,0.44547727704048157,0.4420364201068878
2024-08-09,0.4182235598564148,0.4085201323032379,0.3997572362422943,0.4114893078804016,0.4453834295272827,0.44522297382354736,0.320551335811615,0.39567452669143677,0.39124393463134766,0.37292540073394775,0.4294787049293518
2024-08-16,0.42182934284210205,0.45857059955596924,0.39308255910873413,0.4658268392086029,0.3558807373046875,0.41231968998908997,0.366772323846817,0.44317781925201416,0.41894978284835815,0.3517382740974426,0.4295785129070282
2024-08-23,0.40612971782684326,0.37753230333328247,0.45817434787750244,0.3968469798564911,0.35645055770874023,0.4211011230945587,0.415547639131546,0.40634286403656006,0.41804367303848267,0.3971107602119446,0.42102888226509094
2024-08-30,0.42909929156303406,0.42634308338165283,0.37505924701690674,0.4375249445438385,0.3328182101249695,0.4611916244029999,0.38693052530288696,0.402940571308136,0.3808564245700836,0.40527135133743286,0.38225600123405457
2024-09-06,0.37322452664375305,0.3635416328907013,0.36927345395088196,0.40448305010795593,0.4180338382720947,0.38001585006713867,0.39600393176078796,0.41530460119247437,0.3858104944229126,0.39354461431503296,0.445879727602005
2024-09-13,0.4647907316684723,0.36507511138916016,0.42314305901527405,0.45502209663391113,0.46828779578208923,0.44502899050712585,0.3801029324531555,0.4227067232131958,0.489640474319458,0.4276997148990631,0.41708165407180786
2024-09-20,0.43802809715270996,0.3898528814315796,0.4042314291000366,0.4374966025352478,0.42926499247550964,0.40878236293792725,0.383876234292984,0.40204858779907227,0.4078516662120819,0.38390934467315674,0.4632036089897156
2024-09-27,0.4679991602897644,0.3593255877494812,0.418984591960907,0.4500764310359955,0.37737858295440674,0.4316464364528656,0.38791903853416443,0.43741855025291443,0.43349379301071167,0.3923952281475067,0.39865708351135254
2024-10-04,0.3878940939903259,0.40226930379867554,0.273647278547287,0.38644716143608093,0.368524432182312,0.40282660722732544,0.27849215269088745,0.4059666395187378,0.3900502622127533,0.34795960783958435,0.4456799626350403
2024-10-11,0.3575935363769531,0.2656356990337372,0.3044317066669464,0.4355350136756897,0.4188600778579712,0.4004477262496948,0.4024032950401306,0.5238541960716248,0.408223032951355,0.36609572172164917,0.4451149106025696
2024-10-18,0.3832223415374756,0.36072200536727905,0.3755455017089844,0.42838960886001587,0.39195865392684937,0.43462973833084106,0.2914850413799286,0.49359768629074097,0.4215385615825653,0.30689117312431335,0.4311980903148651
2024-10-25,0.3817501366138458,0.4011037051677704,0.35249221324920654,0.43484359979629517,0.3485037386417389,0.4241330027580261,0.36071935296058655,0.33974575996398926,0.37780967354774475,0.32823237776756287,0.3438933491706848
2024-11-01,0.38282743096351624,0.3494856655597687,0.34446579217910767,0.38247936964035034,0.38885024189949036,0.4524378180503845,0.31225109100341797,0.34532177448272705,0.35606834292411804,0.3814033567905426,0.38302844762802124
2024-11-08,0.40297678112983704,0.36259153485298157,0.36265864968299866,0.39171862602233887,0.4297484755516052,0.37655332684516907,0.415235310792923,0.40288692712783813,0.3978356719017029,0.30418550968170166,0.41683533787727356
2024-11-15,0.36510005593299866,0.3250114917755127,0.40771472454071045,0.45040184259414673,0.3446926474571228,0.4011997878551483,0.37869298458099365,0.43571001291275024,0.45243459939956665,0.45325803756713867,0.40851926803588867
2024-11-22,0.4434964656829834,0.3263888657093048,0.3204059302806854,0.34467369318008423,0.3498769700527191,0.4401412606239319,0.29242685437202454,0.3491007089614868,0.39731019735336304,0.33864015340805054,0.3525221347808838
2024-11-29,0.4400431513786316,0.35031428933143616,0.39546364545822144,0.4551529288291931,0.39317983388900757,0.4892553687095642,0.36018842458724976,0.40421029925346375,0.42154818773269653,0.38279789686203003,0.48691269755363464
2024-12-06,0.402580589056015,0.3734317719936371,0.42159220576286316,0.400222510099411,0.3994233012199402,0.3943439722061157,0.4223514795303345,0.4271632432937622,0.44639402627944946,0.3798582851886749,0.4275924563407898
2024-12-13,0.46287205815315247,0.38881033658981323,0.40093618631362915,0.41260629892349243,0.4112369418144226,0.41816577315330505,0.42329174280166626,0.43558910489082336,0.39546841382980347,0.3424621522426605,0.4373219311237335
2024-12-20,0.3835829496383667,0.39527833461761475,0.39775776863098145,0.5081305503845215,0.38200414180755615,0.42229342460632324,0.3141302168369293,0.40756651759147644,0.38477057218551636,0.3837573826313019,0.3668498694896698
